date,percent_change,num_articles,chatgpt_explanation,chatgpt_explanation_spanish,chatgpt_explanation_chinese,chatgpt_explanation_korean
2022-09-13,-5.868,20,"The cause of the drop in stock price could be due to a variety of factors. For example, the news headlines and articles could indicate that a key competitor is making a major acquisition, a credit card startup is poaching Apple's head, US weekly jobless claims are increasing, Apple's website is experiencing technical difficulties, the new iPhone 14 is receiving a mixed reaction, Apple is facing competition from other tech giants, inflation rates are easing, consumer inflation expectations are easing, Apple is facing a dispute with a supplier, or Steve Jobs' widow is saying something negative about the company. All of these factors could contribute to a drop in the stock price.","La causa de la caída en el precio de las acciones podría deberse a una variedad de factores. Por ejemplo, los titulares de noticias y artículos podrían indicar que un competidor clave está haciendo una gran adquisición, una startup de tarjetas de crédito está reclutando al jefe de Apple, las solicitudes semanales de desempleo en los Estados Unidos están aumentando, el sitio web de Apple está experimentando dificultades técnicas, el nuevo iPhone 14 está recibiendo una reacción mixta, Apple se enfrenta a la competencia de otros gigantes tecnológicos, las tasas de inflación están disminuyendo, las expectativas de inflación de los consumidores están disminuyendo, Apple se enfrenta a una disputa con un proveedor, o la viuda de Steve Jobs está diciendo algo negativo sobre la empresa. Todos estos factores podrían contribuir a una disminución en el precio de las acciones.",导致股价下跌的原因可能有很多因素。例如，新闻标题和文章可能表明，一家主要竞争对手正在进行重大收购，一家信用卡初创公司正在挖走苹果的头头，美国每周失业申请人数正在增加，苹果网站正在遭遇技术困难，新iPhone 14受到了复杂的反应，苹果正面临来自其他科技巨头的竞争，通货膨胀率正在缓解，消费者通货膨胀预期正在缓解，苹果正面临与一家供应商的争端，或者史蒂夫·乔布斯的遗孀正在说一些关于公司的负面话。所有这些因素都可能导致股价下跌。,"주가 하락의 원인은 다양한 요인에 의해서 발생할 수 있습니다. 예를 들어, 뉴스 헤드라인과 기사는 키 컴피티셔가 대규모한 취득을 하고 있다는 것을 나타내고 있고, 신용카드 스타트업이 애플의 헤드를 뽑고 있다는 것, 미국 주간 비재직 신고가 증가하고 있다는 것, 애플 웹사이트가 기술적 문제를 겪고 있다는 것, 새로운 아이폰 14이 혼합반응을 얻고 있다는 것, 애플이 다른 기술 거대기업들과 경쟁하고 있다는 것, 인플레이션 비율이 완화되고 있다는 것, 소비자 인플레이션 기대값이 완화되고 있다는 것, 애플이 공급자와 분쟁을 겪고 있다는 것 혹은 스티브 죠스의 유가가 부정적인 말을 하고 있다는 것 등이 있습니다. 모든 이러한 요인들이 주가 하락에 기여할 수 있습니다."
2022-09-29,-4.912,34,"The cause of the drop in the stock price is likely due to a combination of factors. These include increasing fear among US investors, the departure of a key Apple executive, rising personal consumption expenditures, reports of Apple scrapping production of the iPhone 14, and lower ratings from BofA. Additionally, news of Apple pulling back from production ramp-up of the iPhone 14, slowing iPhone demand, and reports of Apple scrapping the iPhone also likely contributed to the drop in the stock price.","La causa de la caída en el precio de las acciones es probablemente debida a una combinación de factores. Estos incluyen el aumento del miedo entre los inversores estadounidenses, la salida de un ejecutivo clave de Apple, el aumento de los gastos de consumo personal, los informes de que Apple ha cancelado la producción del iPhone 14 y las calificaciones más bajas de BofA. Además, las noticias de que Apple se ha retirado de la producción acelerada del iPhone 14, la disminución de la demanda de iPhone y los informes de que Apple ha cancelado el iPhone también probablemente contribuyeron a la caída en el precio de las acciones.",由于一系列因素，苹果股价的下跌很可能是由于美国投资者的恐慌情绪增加，一位关键苹果高管的离职，个人消费支出的增加，苹果取消iPhone 14生产的报道以及BofA的较低评级。此外，有关苹果放弃iPhone 14生产扩大，iPhone需求放缓以及苹果取消iPhone的报道也可能导致股价下跌。,"주가 하락의 원인은 미국 투자자들의 공포감 증가, 애플의 핵심 경영자의 이사, 개인 소비 지출 증가, 애플이 아이폰 14의 생산을 중단한 보고, BofA의 낮은 평가 등 여러 요소의 조합으로 추정됩니다. 또한, 애플이 아이폰 14의 생산 증가를 줄이고 아이폰 수요가 줄어들고 아이폰 생산을 중단한 보고도 주가 하락에 기여할 것으로 추정됩니다."
2022-10-28,7.555,32,"The cause of the rise in the stock price is likely due to Apple's strong quarterly earnings reports and positive news about its products and services. Positive analyst reports and news of increased demand for Apple's products and services have also contributed to the rise in the stock price. Additionally, Apple's announcement of new products and services, such as the new MacBook Pros with homegrown chips and Apple TV+, have also helped to boost the stock price.","La causa del aumento del precio de las acciones es probablemente debido a los fuertes informes trimestrales de ganancias de Apple y las noticias positivas sobre sus productos y servicios. Los informes positivos de los analistas y las noticias de aumento de la demanda de los productos y servicios de Apple también han contribuido al aumento del precio de las acciones. Además, el anuncio de Apple de nuevos productos y servicios, como los nuevos MacBook Pros con chips caseros y Apple TV +, también han ayudado a impulsar el precio de las acciones.",由于苹果公司强劲的季度收益报告和有关其产品和服务的积极消息，股价上涨的原因很可能是由此引起的。积极的分析师报告以及对苹果产品和服务需求增加的消息也有助于推动股价上涨。此外，苹果公司宣布的新产品和服务，如搭载本土芯片的新MacBook Pro和Apple TV+，也有助于提振股价。,주가 상승의 원인은 애플의 강력한 분기 이익 보고서 및 그 제품과 서비스에 대한 긍정적인 뉴스 때문으로 추정됩니다. 긍정적인 분석가 보고서 및 애플 제품과 서비스 수요 증가에 대한 뉴스도 주가 상승에 기여했습니다. 또한 새로운 맥북 프로와 개발자가 제작한 칩과 애플 TV+ 등 새로운 제품과 서비스를 발표한 것도 주가 상승을 도왔습니다.
2022-11-03,-4.241,14,"The cause of the drop in the stock price can be attributed to a variety of factors, including reports of malware attacks on iPhones, Samsung's mobile business, China's health ministry's severe and disruptive containment measures, Apple's iPhone 14 sales in China, and Apple's decision to retain Qualcomm 5G modems for iPhones. Additionally, Snap's Q3 update contained some silver linings, but Apple's transition phase and the departure of senior executives could have also been factors. Finally, Apple's record sales despite a miss on iPhone sales and market volatility decreasing as the Dow jumped over 200 points could have contributed to the drop.","La causa de la caída del precio de las acciones se puede atribuir a una variedad de factores, incluyendo informes de ataques de malware en iPhones, el negocio móvil de Samsung, las medidas de contención severas y disruptivas de la ministra de Salud de China, las ventas de iPhone 14 de Apple en China y la decisión de Apple de mantener los módems Qualcomm 5G para iPhones. Además, la actualización de Q3 de Snap contenía algunas luces de esperanza, pero la fase de transición de Apple y la salida de ejecutivos senior también podrían haber sido factores. Finalmente, las ventas récord de Apple a pesar de una falla en las ventas de iPhone y la volatilidad del mercado disminuyendo a medida que el Dow subió más de 200 puntos podrían haber contribuido a la caída.",导致股票价格下跌的原因可以归因于多种因素，包括对iPhone、三星移动业务、中国卫生部严格且具有破坏性的遏制措施、苹果iPhone 14在中国的销售以及苹果决定保留高通5G调制解调器的报道。此外，Snap的Q3更新包含了一些好消息，但苹果的过渡阶段以及高管的离职也可能是因素之一。最后，尽管iPhone销售未达到预期，但市场波动性随着道琼斯指数上涨200多点而降低，苹果创纪录的销售可能也是导致股价下跌的原因之一。,"주가 하락의 원인은 아이폰에 대한 멀웨어 공격 보고, 삼성의 모바일 비즈니스, 중국 건강보건부의 심각하고 지장을 끼치는 격려 조치, 애플의 중국 아이폰 14 판매 및 애플의 쿼커를 이용한 아이폰 5G 모뎀을 유지하는 결정 등 다양한 요인에 따라 할 수 있습니다. 또한 스냅의 Q3 업데이트에는 일부 긍정적인 요소가 있었지만, 애플의 전환 기간과 고위 인사의 떠남이 요인이 될 수도 있었습니다. 마지막으로 아이폰 판매 부족과 시장 변동성이 감소하면서 다우가 200 포인트 이상 상승하는 데에도 불구하고 애플의 기록적인 판매가 주가 하락에 기여할 수도 있었습니다."
2022-11-10,8.897,26,"The cause of the rise in the stock price can be attributed to a combination of factors including positive news about Apple and other companies, positive developments in the tech industry, and positive news about the economy. Specifically, news about Apple's new firmware update, its commitment to invest $450 million in its iPhone 14 production, the hiring of a startup founder as an information chief, the launch of a new app to help veterans and active military personnel, the launch of a new feature on Samsung phones, and the news that China's lockdowns are having an ""absolute minimal"" impact on Apple's iPhone production have all contributed to the rise in the stock price. Additionally, news about positive developments in the tech industry, such as the launch of a new digital therapeutic system, and positive news about the economy, such as the recent bullish stock market rally, have also contributed to the rise in the stock price.","La causa del aumento en el precio de las acciones se puede atribuir a una combinación de factores, incluyendo noticias positivas sobre Apple y otras empresas, desarrollos positivos en la industria de la tecnología y noticias positivas sobre la economía. Específicamente, las noticias sobre la nueva actualización de firmware de Apple, su compromiso de invertir 450 millones de dólares en la producción del iPhone 14, la contratación de un fundador de una startup como jefe de información, el lanzamiento de una nueva aplicación para ayudar a los veteranos y los miembros activos de las fuerzas armadas, el lanzamiento de una nueva característica en los teléfonos Samsung y las noticias de que los bloqueos de China tienen un ""impacto absolutamente mínimo"" en la producción del iPhone de Apple han contribuido al aumento en el precio de las acciones. Además, las noticias sobre los desarrollos positivos en la industria de la tecnología, como el lanzamiento de un nuevo sistema terapéutico digital, y las noticias positivas sobre la economía, como la reciente subida alcista del mercado de valores, también han contribuido al aumento en el precio de las acciones.",导致股价上涨的原因可以归因于多种因素，包括有关苹果和其他公司的积极消息、科技行业的积极进展以及经济的积极消息。具体而言，有关苹果新固件更新、投资4.5亿美元用于iPhone 14生产、聘请创业公司创始人担任信息负责人、推出新应用帮助退伍军人和现役军人、推出三星手机新功能以及中国的封锁对苹果iPhone生产“绝对最小”的消息都有助于股价上涨。另外，有关科技行业积极进展的消息，如新数字治疗系统的推出，以及有关经济的积极消息，如最近的牛市股市涨势，也有助于股价上涨。,"주가 상승의 원인은 애플과 다른 기업들에 대한 긍정적인 뉴스, 기술 산업의 긍정적인 발전, 경제에 대한 긍정적인 뉴스를 포함하여 여러 요인의 조합으로 설명할 수 있습니다. 구체적으로는 애플의 새로운 펌웨어 업데이트, iPhone 14 생산에 대한 450백만 달러 투자에 대한 약속, 스타트업 창업자를 정보 책임자로 임명한 것, 베타선봉들과 활동중인 군인들을 위한 새로운 앱 런칭, 삼성 폰에 대한 새로운 기능 런칭, 중국의 잠금제가 애플의 iPhone 생산에 대해 ""절대적으로 최소한"" 영향을 미치고 있다는 뉴스 등이 모두 주가 상승에 기여했습니다. 또한, 새로운 디지털 치료 시스템의 런칭과 같은 기술 산업의 긍정적인 발전, 최근의 불리한 주식 시장 등 경제에 대한 긍정적인 뉴스 등 또한 주가 상승에 기여했습니다."
2022-11-30,4.859,37,"The cause of the rise in the stock price can vary depending on the headline and article. In some cases, the rise in stock price could be due to positive news such as a new product launch, a favorable analyst report, good earnings, or a new partnership. In other cases, the rise in stock price could be due to negative news such as a competitor's failure, a government investigation, or a market downturn.","La causa del aumento en el precio de las acciones puede variar dependiendo del título y del artículo. En algunos casos, el aumento en el precio de las acciones podría deberse a noticias positivas como el lanzamiento de un nuevo producto, un informe favorable de un analista, buenos resultados o una nueva asociación. En otros casos, el aumento en el precio de las acciones podría deberse a noticias negativas como el fracaso de un competidor, una investigación gubernamental o una baja en el mercado.",导致股价上涨的原因可能因标题和文章而异。在某些情况下，股价上涨可能是由于积极的消息，如新产品发布、有利的分析报告、良好的收益或新的合作关系。在其他情况下，股价上涨可能是由于负面消息，如竞争对手的失败、政府调查或市场低迷。,"주가 상승의 원인은 제목과 기사에 따라 다를 수 있습니다. 어떤 경우에는 새로운 제품 런칭, 보너스 분석 보고서, 좋은 수익 또는 새로운 파트너쉽 등과 같은 긍정적인 뉴스 때문에 주가가 상승할 수 있습니다. 또 다른 경우에는 경쟁자의 실패, 정부 조사 또는 시장 감소 등과 같은 부정적인 뉴스 때문에 주가가 상승할 수도 있습니다."
2022-12-15,-4.685,22,"The cause of the drop in the stock price is most likely related to the current market volatility, as indicated by the headlines and articles. The volatility is likely due to a combination of factors, such as a weak economy, the coronavirus pandemic, and the US-China trade war. Additionally, Apple's recent product releases, such as the AirTags, have not been as successful as expected, which could be contributing to the decline in stock price. Finally, the news that Apple is allowing third-party app stores on iOS could be causing investors to be wary, as this could potentially lead to a decrease in Apple's profits.","La causa de la caída en el precio de las acciones es probablemente relacionada con la volatilidad del mercado actual, tal como lo indican los titulares y artículos. La volatilidad es probablemente debida a una combinación de factores, como una economía débil, la pandemia de coronavirus y la guerra comercial entre Estados Unidos y China. Además, los recientes lanzamientos de productos de Apple, como los AirTags, no han sido tan exitosos como se esperaba, lo que podría estar contribuyendo a la disminución del precio de las acciones. Por último, las noticias de que Apple permite tiendas de aplicaciones de terceros en iOS podrían estar haciendo que los inversores sean cautelosos, ya que esto podría potencialmente llevar a una disminución de las ganancias de Apple.",由标题和文章所暗示，股价下跌的原因很可能与当前市场波动有关。波动可能是由一系列因素导致的，比如经济疲软、冠状病毒大流行和美中贸易战。此外，苹果最近发布的产品，如AirTags，并没有像预期的那样成功，这可能导致股价下跌。最后，苹果允许在iOS上使用第三方应用商店的消息可能会让投资者担心，因为这可能会导致苹果的利润下降。,"주가 하락의 원인은 현재 시장 변동성에 관련된 것으로 보입니다. 기사와 머릿글에서 알 수 있듯이 변동성은 경기 약화, 코로나바이러스 발생 및 미국과 중국 간 상업전쟁 등 여러 요인의 조합에 의해 발생한 것으로 보입니다. 또한, 에어태그 등 최근 애플의 제품 발매가 예상한 대로 성공하지 못한 것도 주가 하락에 기여하고 있을 수 있습니다. 마지막으로, 애플이 iOS에서 제3자 앱 스토어를 허용하는 뉴스는 투자자들이 조심하게 될 수 있으며, 이것은 애플의 이익이 감소할 수 있기 때문일 것입니다."
2023-05-05,4.693,27,"The cause of the rise in the stock price is likely due to several factors, including positive news about the company's earnings and financial performance, positive news about its products and services, positive reviews from analysts, and investor confidence in the company's long-term prospects. Additionally, investors may have been encouraged by news about Warren Buffett's investments in the company and the strong jobs data released recently.","La causa del aumento del precio de las acciones es probablemente debido a varios factores, incluyendo noticias positivas sobre los ingresos y el desempeño financiero de la empresa, noticias positivas sobre sus productos y servicios, opiniones positivas de los analistas y confianza de los inversores en las perspectivas a largo plazo de la empresa. Además, los inversores pueden haberse animado con las noticias sobre las inversiones de Warren Buffett en la empresa y los datos de empleo fuertes recientemente publicados.",由于多种原因，其中包括公司盈利和财务表现的积极消息、关于其产品和服务的积极消息、分析师的积极评论以及投资者对公司长期前景的信心，股票价格上涨的原因很可能是这些因素。此外，投资者可能受到沃伦·巴菲特投资该公司以及最近发布的强劲就业数据的鼓舞。,"주가 상승의 원인은 이사회의 순이익과 재무 성과에 대한 긍정적인 뉴스, 제품 및 서비스에 대한 긍정적인 뉴스, 분석가들의 긍정적인 평가, 그리고 투자자들이 회사의 장기 가능성에 대한 자신감 등 다양한 요인 때문으로 추정됩니다. 또한, 최근에 발표된 워렌 버페의 투자 뉴스 및 강력한 일자리 데이터가 투자자들을 장려할 수 있었을 것으로 보입니다."
2023-08-04,-4.802,24,"The cause of the drop in the stock price is likely due to a combination of factors, including economic uncertainty, disappointing earnings, and market volatility. Economic uncertainty has been caused by the ongoing pandemic, and the resulting economic downturn. Disappointing earnings from companies such as Apple (AAPL) and Nvidia (NVDA) have also weighed on the stock market. Additionally, market volatility has been driven by the release of earnings reports, as well as the Federal Reserve's decision to raise interest rates. All of these factors have likely contributed to the drop in stock prices.","La causa de la caída en el precio de las acciones es probablemente debida a una combinación de factores, incluyendo incertidumbre económica, resultados decepcionantes y volatilidad del mercado. La incertidumbre económica ha sido causada por la pandemia en curso y la posterior recesión económica. Los resultados decepcionantes de empresas como Apple (AAPL) y Nvidia (NVDA) también han pesado en el mercado de valores. Además, la volatilidad del mercado ha sido impulsada por el lanzamiento de informes de ganancias, así como por la decisión de la Reserva Federal de aumentar las tasas de interés. Todos estos factores han contribuido probablemente a la caída de los precios de las acciones.",由于一系列因素，包括经济不确定性、令人失望的收益以及市场波动，股价下跌的原因很可能是这些因素的综合作用。经济不确定性是由持续的大流行引起的，并导致了经济衰退。苹果（AAPL）和英伟达（NVDA）等公司令人失望的收益也给股市带来了压力。此外，市场波动也受到收益报告发布以及美联储决定提高利率的影响。所有这些因素都可能导致股价下跌。,"주가 하락의 원인은 경제 불확실성, 실망스러운 수익, 시장 변동성 등 여러 가지 요인이 복합적으로 작용할 가능성이 높습니다. 계속되는 전염병 때문에 경제 불확실성이 발생하고 그 결과로 경제 감소가 발생했습니다. 애플(AAPL)과 뉴비디아(NVDA)와 같은 회사의 실망스러운 수익도 주가에 악영향을 미쳤습니다. 또한 수익 보고서의 발표 및 연방 준비제도의 이자율 인상 등이 시장 변동성을 촉발했습니다. 이 모든 요인이 주가 하락에 기여하고 있을 가능성이 높습니다."
